BEGIN;
LOCK TABLES `mall_tiny`.`sb_information` WRITE;
DELETE FROM `mall_tiny`.`sb_information`;
INSERT INTO `mall_tiny`.`sb_information` (`id`,`name`,`description`,`mac`,`maintenance_time`,`application_time`,`status`,`create_time`,`download_url`,`user`) VALUES (1, 'LAPTOP-KJBUBS68', 'LAPTOP-KJBUBS68', '00:4C:00:00:74:AC', '2021-01-05', '2021-01-05', 1, '2021-01-05 12:08:42', 'https://qdct02.baidupcs.com/file/46440b1b71815e292d8048dab4a7a13e?bkt=en-29a7ad5d1913bc6fbf18cc55a6cd767b8e4b78a4e2bd82eee44d5cd77c97942c4efdef5f9681b3ea&fid=154986069-250528-931662953286615&time=1609815084&sign=FDTAXUGERLQlBHSKfWqi-DCb740ccc5511e5e8fedcf', '师瑶');
UNLOCK TABLES;
COMMIT;
BEGIN;
LOCK TABLES `mall_tiny`.`ums_admin` WRITE;
DELETE FROM `mall_tiny`.`ums_admin`;
INSERT INTO `mall_tiny`.`ums_admin` (`id`,`username`,`password`,`icon`,`email`,`nick_name`,`note`,`create_time`,`login_time`,`status`) VALUES (1, 'test', '$2a$10$NZ5o7r2E.ayT2ZoxgjlI.eJ6OEYqjH7INR/F.mXDbjZJi9HF0YCVG', 'http://macro-oss.oss-cn-shenzhen.aliyuncs.com/mall/images/20180607/timg.jpg', 'test@qq.com', '测试账号', NULL, '2018-09-29 13:55:30', '2018-09-29 13:55:39', 1),(3, 'admin', '$2a$10$.E1FokumK5GIXWgKlg.Hc.i/0/2.qdAwYFL1zc5QHdyzpXOr38RZO', 'http://macro-oss.oss-cn-shenzhen.aliyuncs.com/mall/images/20180607/timg.jpg', 'admin@163.com', '系统管理员', '系统管理员', '2018-10-08 13:32:47', '2019-04-20 12:45:16', 1),(4, 'macro', '$2a$10$Bx4jZPR7GhEpIQfefDQtVeS58GfT5n6mxs/b4nLLK65eMFa16topa', 'string', 'macro@qq.com', 'macro', 'macro专用', '2019-10-06 15:53:51', '2020-02-03 14:55:55', 1),(6, 'productAdmin', '$2a$10$6/.J.p.6Bhn7ic4GfoB5D.pGd7xSiD1a9M6ht6yO0fxzlKJPjRAGm', NULL, 'product@qq.com', '商品管理员', '只有商品权限', '2020-02-07 16:15:08', NULL, 1),(7, 'orderAdmin', '$2a$10$UqEhA9UZXjHHA3B.L9wNG.6aerrBjC6WHTtbv1FdvYPUI.7lkL6E.', NULL, 'order@qq.com', '订单管理员', '只有订单管理权限', '2020-02-07 16:15:50', NULL, 1),(10, 'ceshi', '$2a$10$RaaNo9CC0RSms8mc/gJpCuOWndDT4pHH0u5XgZdAAYFs1Uq4sOPRi', 'http://macro-oss.oss-cn-shenzhen.aliyuncs.com/mall/images/20180607/timg.jpg', 'ceshi@qq.com', 'ceshi', NULL, '2020-03-13 16:23:30', NULL, 1);
UNLOCK TABLES;
COMMIT;
BEGIN;
LOCK TABLES `mall_tiny`.`ums_admin_login_log` WRITE;
DELETE FROM `mall_tiny`.`ums_admin_login_log`;
INSERT INTO `mall_tiny`.`ums_admin_login_log` (`id`,`admin_id`,`create_time`,`ip`,`address`,`user_agent`) VALUES (285, 3, '2020-08-24 14:05:21', '0:0:0:0:0:0:0:1', NULL, NULL),(286, 10, '2020-08-24 14:05:39', '0:0:0:0:0:0:0:1', NULL, NULL),(287, 10, '2021-01-05 12:37:36', '0:0:0:0:0:0:0:1', NULL, NULL),(288, 10, '2021-01-05 13:00:55', '0:0:0:0:0:0:0:1', NULL, NULL),(289, 10, '2021-01-05 13:01:18', '0:0:0:0:0:0:0:1', NULL, NULL),(290, 10, '2021-01-05 13:01:21', '0:0:0:0:0:0:0:1', NULL, NULL),(291, 10, '2021-01-05 13:01:30', '0:0:0:0:0:0:0:1', NULL, NULL),(292, 10, '2021-01-05 13:02:15', '0:0:0:0:0:0:0:1', NULL, NULL),(293, 10, '2021-01-05 13:02:44', '0:0:0:0:0:0:0:1', NULL, NULL),(294, 10, '2021-01-05 13:03:26', '0:0:0:0:0:0:0:1', NULL, NULL),(295, 10, '2021-01-05 13:03:40', '0:0:0:0:0:0:0:1', NULL, NULL),(296, 10, '2021-01-05 13:04:50', '0:0:0:0:0:0:0:1', NULL, NULL),(297, 10, '2021-01-05 13:06:03', '0:0:0:0:0:0:0:1', NULL, NULL),(298, 10, '2021-01-05 13:06:58', '0:0:0:0:0:0:0:1', NULL, NULL),(299, 10, '2021-01-05 13:07:30', '0:0:0:0:0:0:0:1', NULL, NULL),(300, 10, '2021-01-05 13:10:39', '0:0:0:0:0:0:0:1', NULL, NULL),(301, 10, '2021-01-05 13:12:00', '0:0:0:0:0:0:0:1', NULL, NULL),(302, 10, '2021-01-05 13:13:13', '0:0:0:0:0:0:0:1', NULL, NULL);
UNLOCK TABLES;
COMMIT;
BEGIN;
LOCK TABLES `mall_tiny`.`ums_admin_role_relation` WRITE;
DELETE FROM `mall_tiny`.`ums_admin_role_relation`;
INSERT INTO `mall_tiny`.`ums_admin_role_relation` (`id`,`admin_id`,`role_id`) VALUES (26, 3, 5),(27, 6, 1),(28, 7, 2),(29, 1, 5),(30, 4, 5),(31, 8, 5),(34, 12, 6),(38, 13, 5),(39, 10, 8);
UNLOCK TABLES;
COMMIT;
BEGIN;
LOCK TABLES `mall_tiny`.`ums_menu` WRITE;
DELETE FROM `mall_tiny`.`ums_menu`;
INSERT INTO `mall_tiny`.`ums_menu` (`id`,`parent_id`,`create_time`,`title`,`level`,`sort`,`name`,`icon`,`hidden`) VALUES (1, 0, '2020-02-02 14:50:36', '商品', 0, 0, 'pms', 'product', 1),(2, 1, '2020-02-02 14:51:50', '商品列表', 1, 0, 'product', 'product-list', 0),(3, 1, '2020-02-02 14:52:44', '添加商品', 1, 0, 'addProduct', 'product-add', 0),(4, 1, '2020-02-02 14:53:51', '商品分类', 1, 0, 'productCate', 'product-cate', 0),(5, 1, '2020-02-02 14:54:51', '商品类型', 1, 0, 'productAttr', 'product-attr', 0),(6, 1, '2020-02-02 14:56:29', '品牌管理', 1, 0, 'brand', 'product-brand', 0),(7, 0, '2020-02-02 16:54:07', '订单', 0, 0, 'oms', 'order', 1),(8, 7, '2020-02-02 16:55:18', '订单列表', 1, 0, 'order', 'product-list', 0),(9, 7, '2020-02-02 16:56:46', '订单设置', 1, 0, 'orderSetting', 'order-setting', 0),(10, 7, '2020-02-02 16:57:39', '退货申请处理', 1, 0, 'returnApply', 'order-return', 0),(11, 7, '2020-02-02 16:59:40', '退货原因设置', 1, 0, 'returnReason', 'order-return-reason', 0),(12, 0, '2020-02-04 16:18:00', '营销', 0, 0, 'sms', 'sms', 1),(13, 12, '2020-02-04 16:19:22', '秒杀活动列表', 1, 0, 'flash', 'sms-flash', 0),(14, 12, '2020-02-04 16:20:16', '优惠券列表', 1, 0, 'coupon', 'sms-coupon', 0),(16, 12, '2020-02-07 16:22:38', '品牌推荐', 1, 0, 'homeBrand', 'product-brand', 0),(17, 12, '2020-02-07 16:23:14', '新品推荐', 1, 0, 'homeNew', 'sms-new', 0),(18, 12, '2020-02-07 16:26:38', '人气推荐', 1, 0, 'homeHot', 'sms-hot', 0),(19, 12, '2020-02-07 16:28:16', '专题推荐', 1, 0, 'homeSubject', 'sms-subject', 0),(20, 12, '2020-02-07 16:28:42', '广告列表', 1, 0, 'homeAdvertise', 'sms-ad', 0),(21, 0, '2020-02-07 16:29:13', '权限', 0, 0, 'ums', 'ums', 0),(22, 21, '2020-02-07 16:29:51', '用户列表', 1, 0, 'admin', 'ums-admin', 0),(23, 21, '2020-02-07 16:30:13', '角色列表', 1, 0, 'role', 'ums-role', 0),(24, 21, '2020-02-07 16:30:53', '菜单列表', 1, 0, 'menu', 'ums-menu', 0),(25, 21, '2020-02-07 16:31:13', '资源列表', 1, 0, 'resource', 'ums-resource', 0);
UNLOCK TABLES;
COMMIT;
BEGIN;
LOCK TABLES `mall_tiny`.`ums_resource` WRITE;
DELETE FROM `mall_tiny`.`ums_resource`;
INSERT INTO `mall_tiny`.`ums_resource` (`id`,`create_time`,`name`,`url`,`description`,`category_id`) VALUES (1, '2020-02-04 17:04:55', '商品品牌管理', '/brand/**', NULL, 1),(2, '2020-02-04 17:05:35', '商品属性分类管理', '/productAttribute/**', NULL, 1),(3, '2020-02-04 17:06:13', '商品属性管理', '/productAttribute/**', NULL, 1),(4, '2020-02-04 17:07:15', '商品分类管理', '/productCategory/**', NULL, 1),(5, '2020-02-04 17:09:16', '商品管理', '/product/**', NULL, 1),(6, '2020-02-04 17:09:53', '商品库存管理', '/sku/**', NULL, 1),(8, '2020-02-05 14:43:37', '订单管理', '/order/**', '', 2),(9, '2020-02-05 14:44:22', ' 订单退货申请管理', '/returnApply/**', '', 2),(10, '2020-02-05 14:45:08', '退货原因管理', '/returnReason/**', '', 2),(11, '2020-02-05 14:45:43', '订单设置管理', '/orderSetting/**', '', 2),(12, '2020-02-05 14:46:23', '收货地址管理', '/companyAddress/**', '', 2),(13, '2020-02-07 16:37:22', '优惠券管理', '/coupon/**', '', 3),(14, '2020-02-07 16:37:59', '优惠券领取记录管理', '/couponHistory/**', '', 3),(15, '2020-02-07 16:38:28', '限时购活动管理', '/flash/**', '', 3),(16, '2020-02-07 16:38:59', '限时购商品关系管理', '/flashProductRelation/**', '', 3),(17, '2020-02-07 16:39:22', '限时购场次管理', '/flashSession/**', '', 3),(18, '2020-02-07 16:40:07', '首页轮播广告管理', '/home/advertise/**', '', 3),(19, '2020-02-07 16:40:34', '首页品牌管理', '/home/brand/**', '', 3),(20, '2020-02-07 16:41:06', '首页新品管理', '/home/newProduct/**', '', 3),(21, '2020-02-07 16:42:16', '首页人气推荐管理', '/home/recommendProduct/**', '', 3),(22, '2020-02-07 16:42:48', '首页专题推荐管理', '/home/recommendSubject/**', '', 3),(23, '2020-02-07 16:44:56', ' 商品优选管理', '/prefrenceArea/**', '', 5),(24, '2020-02-07 16:45:39', '商品专题管理', '/subject/**', '', 5),(25, '2020-02-07 16:47:34', '后台用户管理', '/admin/**', '', 4),(26, '2020-02-07 16:48:24', '后台用户角色管理', '/role/**', '', 4),(27, '2020-02-07 16:48:48', '后台菜单管理', '/menu/**', '', 4),(28, '2020-02-07 16:49:18', '后台资源分类管理', '/resourceCategory/**', '', 4),(29, '2020-02-07 16:49:45', '后台资源管理', '/resource/**', '', 4);
UNLOCK TABLES;
COMMIT;
BEGIN;
LOCK TABLES `mall_tiny`.`ums_resource_category` WRITE;
DELETE FROM `mall_tiny`.`ums_resource_category`;
INSERT INTO `mall_tiny`.`ums_resource_category` (`id`,`create_time`,`name`,`sort`) VALUES (1, '2020-02-05 10:21:44', '商品模块', 0),(2, '2020-02-05 10:22:34', '订单模块', 0),(3, '2020-02-05 10:22:48', '营销模块', 0),(4, '2020-02-05 10:23:04', '权限模块', 0),(5, '2020-02-07 16:34:27', '内容模块', 0),(6, '2020-02-07 16:35:49', '其他模块', 0);
UNLOCK TABLES;
COMMIT;
BEGIN;
LOCK TABLES `mall_tiny`.`ums_role` WRITE;
DELETE FROM `mall_tiny`.`ums_role`;
INSERT INTO `mall_tiny`.`ums_role` (`id`,`name`,`description`,`admin_count`,`create_time`,`status`,`sort`) VALUES (1, '商品管理员', '只能查看及操作商品', 0, '2020-02-03 16:50:37', 1, 0),(2, '订单管理员', '只能查看及操作订单', 0, '2018-09-30 15:53:45', 1, 0),(5, '超级管理员', '拥有所有查看和操作功能', 0, '2020-02-02 15:11:05', 1, 0),(8, '权限管理员', '用于权限模块所有操作功能', 0, '2020-08-24 10:57:35', 1, 0);
UNLOCK TABLES;
COMMIT;
BEGIN;
LOCK TABLES `mall_tiny`.`ums_role_menu_relation` WRITE;
DELETE FROM `mall_tiny`.`ums_role_menu_relation`;
INSERT INTO `mall_tiny`.`ums_role_menu_relation` (`id`,`role_id`,`menu_id`) VALUES (33, 1, 1),(34, 1, 2),(35, 1, 3),(36, 1, 4),(37, 1, 5),(38, 1, 6),(53, 2, 7),(54, 2, 8),(55, 2, 9),(56, 2, 10),(57, 2, 11),(72, 5, 1),(73, 5, 2),(74, 5, 3),(75, 5, 4),(76, 5, 5),(77, 5, 6),(78, 5, 7),(79, 5, 8),(80, 5, 9),(81, 5, 10),(82, 5, 11),(83, 5, 12),(84, 5, 13),(85, 5, 14),(86, 5, 16),(87, 5, 17),(88, 5, 18),(89, 5, 19),(90, 5, 20),(91, 5, 21),(92, 5, 22),(93, 5, 23),(94, 5, 24),(95, 5, 25),(96, 6, 21),(97, 6, 22),(98, 6, 23),(99, 6, 24),(100, 6, 25),(101, 7, 21),(102, 7, 22),(103, 7, 23),(104, 7, 24),(105, 7, 25),(106, 8, 21),(107, 8, 22),(108, 8, 23),(109, 8, 24),(110, 8, 25);
UNLOCK TABLES;
COMMIT;
BEGIN;
LOCK TABLES `mall_tiny`.`ums_role_resource_relation` WRITE;
DELETE FROM `mall_tiny`.`ums_role_resource_relation`;
INSERT INTO `mall_tiny`.`ums_role_resource_relation` (`id`,`role_id`,`resource_id`) VALUES (103, 2, 8),(104, 2, 9),(105, 2, 10),(106, 2, 11),(107, 2, 12),(142, 5, 1),(143, 5, 2),(144, 5, 3),(145, 5, 4),(146, 5, 5),(147, 5, 6),(148, 5, 8),(149, 5, 9),(150, 5, 10),(151, 5, 11),(152, 5, 12),(153, 5, 13),(154, 5, 14),(155, 5, 15),(156, 5, 16),(157, 5, 17),(158, 5, 18),(159, 5, 19),(160, 5, 20),(161, 5, 21),(162, 5, 22),(163, 5, 23),(164, 5, 24),(165, 5, 25),(166, 5, 26),(167, 5, 27),(168, 5, 28),(169, 5, 29),(170, 1, 1),(171, 1, 2),(172, 1, 3),(173, 1, 4),(174, 1, 5),(175, 1, 6),(176, 1, 23),(177, 1, 24),(178, 6, 25),(179, 6, 26),(180, 6, 27),(181, 6, 28),(182, 6, 29),(205, 7, 25),(206, 7, 26),(207, 7, 27),(208, 7, 28),(209, 7, 29),(210, 7, 31),(211, 8, 25),(212, 8, 26),(213, 8, 27),(214, 8, 28),(215, 8, 29);
UNLOCK TABLES;
COMMIT;
